Fetched Time,Keyword,Title,Link
2025-05-10 01:37:14,rising construction costs,UK construction activity contracts for fourth straight month as costs rise,https://www.theguardian.com/business/2025/may/07/uk-construction-activity-contracts-for-fourth-straight-month-as-costs-rise
2025-05-10 01:37:14,rising construction costs,"Construction firm closures reach 14-year high amid rising costs, sluggish demand",https://www.koreatimes.co.kr/economy/20250507/construction-firm-closures-reach-14-year-high-amid-rising-costs-sluggish-demand
2025-05-10 01:37:14,rising construction costs,Construction firm insolvencies jump to fresh high amid rising costs,https://www.cityam.com/construction-firm-insolvencies-rise-to-fresh-high-amid-rising-costs/
2025-05-10 01:37:14,rising construction costs,South Main Street project in Waynesville delayed again due to rising costs,https://wlos.com/news/local/south-main-street-waynesville-delayed-construction-costs-north-carolina-department-transportation-hurricane-helene
2025-05-10 01:37:14,rising construction costs,Soaring costs force City to reassess $130M water infrastructure project,https://www.thenorthernview.com/local-news/soaring-costs-force-city-to-reassess-130m-water-infrastructure-project-7987557
2025-05-10 01:37:14,rising construction costs,"Citing Tariffs, Churchill Downs Pauses $900M in Racetrack Construction Projects",https://www.enr.com/articles/60679-citing-tariffs-churchill-downs-pauses-900m-in-racetrack-construction-projects
2025-05-10 01:37:14,rising construction costs,GSR arena hopes for tax-increment financing approval amid rising construction costs,https://www.rgj.com/story/news/money/business/2025/05/01/gsr-says-arena-needs-tax-increment-financing-council-to-vote-may-7/82643811007/
2025-05-10 01:37:14,rising construction costs,How rising wages for construction workers are shifting the foundations of the housing market,https://theconversation.com/how-rising-wages-for-construction-workers-are-shifting-the-foundations-of-the-housing-market-255087
2025-05-10 01:37:14,rising construction costs,Annual construction cost increase unchanged in March in Latvia / Article,https://eng.lsm.lv/article/economy/economy/29.04.2025-annual-construction-cost-increase-unchanged-in-march-in-latvia.a597175/
2025-05-10 01:37:14,rising construction costs,Construction firms exit Sang-gye Jugong 5 Complex project amid rising costs and fees - CHOSUNBIZ,https://biz.chosun.com/en/en-realestate/2025/04/25/GFESUBC6RRCTFOP377U5ZEWI64/
2025-05-10 01:37:14,rising construction costs,Hilltop Community Center remodel progresses amid rising construction costs,https://www.kiiitv.com/article/news/local/hilltop-community-center-remodel-progresses-rising-construction-costs/503-ddfa93a3-f503-49cd-8565-b398a58861cc
2025-05-10 01:37:14,rising construction costs,CCSD considering pausing construction projects due to rising costs,https://www.8newsnow.com/news/local-news/ccsd-considering-pausing-construction-projects-due-to-rising-costs/
2025-05-10 01:37:14,rising construction costs,"Construction costs to spiral up as sand prices increase by 1,000 per unit",https://timesofindia.indiatimes.com/city/coimbatore/construction-costs-to-spiral-up-as-sand-prices-increase-by-1000-per-unit/articleshow/120529807.cms
2025-05-10 01:37:14,rising construction costs,Industry construction costs predicted to rise 4 to 6 percent over next 12 months,https://www.mcknightsseniorliving.com/news/industry-construction-costs-predicted-to-rise-4-to-6-percent-over-next-12-months/
2025-05-10 01:37:14,rising construction costs,Big increase in Cement Price adds pressure to already Rising Construction Costs,https://en.dailypakistan.com.pk/22-Apr-2025/big-increase-in-cement-price-adds-pressure-to-already-rising-construction-costs
2025-05-10 01:37:14,rising construction costs,Central Tokyo Office Rents Surge as Construction Costs Push Up Rates for New Supply,https://www.mingtiandi.com/real-estate/research-policy/central-tokyo-office-rents-surge-as-construction-costs-rise/
2025-05-10 01:37:14,rising construction costs,Top 10 construction firms improve cost-to-sales ratios despite rising expenses in Korea - CHOSUNBIZ,https://biz.chosun.com/en/en-realestate/2025/04/17/JU4DJP7Y7RFRDHYHK2BVCEOUDE/
2025-05-10 01:37:14,rising construction costs,Downtown has a new high-rise coming. Trump's tariffs could boost its construction costs,https://www.jsonline.com/story/money/real-estate/commercial/2025/04/16/trumps-tariffs-could-boost-new-milwaukee-high-rise-construction-costs/83030529007/
2025-05-10 01:37:14,rising construction costs,Tariffs Hit US Housing Market As Construction Costs Keep Rising,https://www.newsweek.com/tariffs-hit-us-housing-market-construction-costs-keep-rising-2059828
2025-05-10 01:37:14,rising construction costs,Rising construction costs reshape housing strategies in India's top cities,https://propnewstime.com/getdetailsStories/MTcwODY=/rising-construction-costs-reshape-housing-strategies-in-india-s-top-cities
2025-05-10 01:37:14,rising construction costs,"Essential business, finance and policy news from the Arab world",https://enterprise.news/ksa/en/news/story/962beb93-5c2d-4750-b694-f689a3f44c2c/construction-costs-climb-in-2024-amid-rising-demand-and-supply-challenges--stonehaven
2025-05-10 01:37:14,rising construction costs,LPPB raises concern over rising construction material costs,https://thesun.my/malaysia-news/lppb-raises-concern-over-rising-construction-material-costs-IJ13925159
2025-05-10 01:37:14,rising construction costs,Rising Construction Costs: Canada’s Real Estate Challenges & Opportunities,https://weeklyvoice.com/rising-construction-costs-canadas-real-estate-challenges-opportunities/
2025-05-10 01:37:14,rising construction costs,Tariffs drive rapid increase of construction materials prices in March,https://archinect.com/news/article/150474805/tariffs-drive-rapid-increase-of-construction-materials-prices-in-march
2025-05-10 01:37:14,rising construction costs,Annual increase in construction costs continues to slow,https://www.hurriyetdailynews.com/annual-increase-in-construction-costs-continues-to-slow-207950
2025-05-10 01:37:14,rising construction costs,Rising construction costs sends Duck’s Building developer back to drawing board,https://www.youtube.com/watch?v=YQRjnWWad6Q
2025-05-10 01:37:14,rising construction costs,Huge number of property listings slows rising cost of construction,https://www.rnz.co.nz/news/business/557598/huge-number-of-property-listings-slows-rising-cost-of-construction
2025-05-10 01:37:14,rising construction costs,Heritage overhaul: Rising construction costs sends Duck's Building developer back to the drawing board,https://cheknews.ca/heritage-overhaul-rising-construction-costs-sends-ducks-building-developer-back-to-the-drawing-board-1248704/
2025-05-10 01:37:14,rising construction costs,Canadian construction costs climb; Toronto sees Crane Index increase while Calgary holds steady,https://www.ontarioconstructionnews.com/canadian-construction-costs-climb-toronto-sees-crane-index-increase-while-calgary-holds-steady
2025-05-10 01:37:14,rising construction costs,"Crane Count Decreases in Denver, Construction Costs Increase at a Slower Rate",https://milehighcre.com/crane-count-decreases-in-denver-construction-costs-increase-at-a-slower-rate/
2025-05-10 01:37:14,rising construction costs,Crane count drops as construction costs rise,https://www.chicagoconstructionnews.com/crane-count-drops-as-construction-costs-rise/
2025-05-10 01:37:14,rising construction costs,Trump tariffs set to raise home insurance costs as construction materials affected,https://www.lifeinsuranceinternational.com/analyst-comment/tariffs-home-insurance-construction-materials/
2025-05-10 01:37:14,rising construction costs,How Would We Build Homes Without Immigrant Labor and Foreign Materials?,https://www.nytimes.com/interactive/2025/04/01/realestate/trump-tariffs-deportation-house-construction.html
2025-05-10 01:37:14,rising construction costs,"Trump's Tariffs Are Expected To Raise New-Home Costs by $9,200—and These States Will Feel the Most Pain",https://www.realtor.com/news/trends/trump-tariffs-new-home-prices-homebuilders/
2025-05-10 01:37:14,rising construction costs,Weatherhead's Michael Goldberg says that rising lumber tariffs could raise home construction costs,https://thedaily.case.edu/weatherheads-michael-goldberg-says-that-rising-lumber-tariffs-could-raise-home-construction-costs/
2025-05-10 01:37:14,rising construction costs,How Tariffs and Labor Shortages Will Thwart Housing Production,https://www.multihousingnews.com/how-tariffs-and-labor-shortages-will-thwart-housing-production/
2025-05-10 01:37:14,rising construction costs,Data centre expansion spurs global construction amid rising insurance costs – WTW,https://www.insurancebusinessmag.com/nz/news/construction/data-centre-expansion-spurs-global-construction-amid-rising-insurance-costs--wtw-529516.aspx
2025-05-10 01:37:14,rising construction costs,"Retain and retrain workers amid rising construction costs, report warns",https://constructionmanagement.co.uk/retain-and-retrain-workers-amid-rising-construction-costs-report-warns/
2025-05-10 01:37:14,rising construction costs,Rising costs from Canada-U.S. trade war putting pressure on Brandon construction firms,https://www.cbc.ca/news/canada/manitoba/construction-brandon-tariffs-1.7488760
2025-05-10 01:37:14,rising construction costs,"Tariff fears are raising construction costs by up to 20%, says Related Group CEO",https://www.cnbc.com/2025/03/21/related-group-ceo-tariff-fears-raising-construction-costs.html
2025-05-10 01:37:14,rising construction costs,Construction material costs in Singapore expected to remain resilient against Trumped-up tariffs,https://www.edgeprop.sg/property-news/construction-material-costs-singapore-expected-remain-resilient-against-trumped-tariffs
2025-05-10 01:37:14,rising construction costs,Construction costs in Cyprus climb as material prices increase in February,https://cyprus-mail.com/2025/03/19/construction-costs-in-cyprus-climb-as-material-prices-increase-in-february
2025-05-10 01:37:14,rising construction costs,Lackawanna cancels Gateway Building amid rising construction costs,https://www.wgrz.com/article/money/lackawanna-mayor-budget-planning-tax-hikes/71-74e68623-eb66-4777-a8cf-683dcaf51748
2025-05-10 01:37:14,rising construction costs,Construction Industry Forecast,https://bcis.co.uk/news/bcis-construction-industry-forecast/
2025-05-10 01:37:14,rising construction costs,Kiama's Six Storey Future Raises Questions,https://thebuglenewspaper.com.au/NewsStory/kiamas-six-storey-future-raises-questions/67d98e40acfaf8002ddcec63
2025-05-10 01:37:14,rising construction costs,Rising Construction Costs and Labor Shortages Challenge US Housing Rebound,https://www.theglobeandmail.com/investing/markets/stocks/SPY-A/pressreleases/31468398/rising-construction-costs-and-labor-shortages-challenge-us-housing-rebound/
2025-05-10 01:37:14,rising construction costs,Trump’s tariffs push up construction costs for US developers,https://eliteagent.com/trumps-tariffs-push-up-construction-costs-for-us-developers/
2025-05-10 01:37:14,rising construction costs,Tariffs on lumber and appliances set stage for higher costs on new homes and remodeling projects,https://apnews.com/article/tariffs-home-improvement-housing-market-home-construction-ae55bcae89a8ad78814c3dbce69e435f
2025-05-10 01:37:14,rising construction costs,Builder Confidence Falls on Cost Uncertainty,https://www.nahb.org/news-and-economics/press-releases/2025/03/builder-confidence-falls-on-cost-uncertainty
2025-05-10 01:37:14,rising construction costs,Analyzing Tariff Effects on Construction Investments,https://oilprice.com/Metals/Commodities/Analyzing-Tariff-Effects-on-Construction-Investments.html
2025-05-10 01:37:14,rising construction costs,"Rising Construction Costs in 2025: Tariffs, GMP, and Fixed-Price Contracts",https://natlawreview.com/article/rising-construction-costs-2025-tariffs-gmp-and-fixed-price-contracts
2025-05-10 01:37:14,rising construction costs,CBRE reports slight rise in greenfield construction expenses: 2-4% increase in CY 2024,https://www.constructionweekonline.in/business/cbre-greenfield-cost
2025-05-10 01:37:14,rising construction costs,Greenfield Construction Costs See 2-4% Increase in CY 2024,https://www.rprealtyplus.com/allied/greenfield-construction-costs-see-2-4-increase-in-cy-2024-119116.html
2025-05-10 01:37:14,rising construction costs,Greenfield construction costs marginally rise by 2-4% in CY 2024,https://m.economictimes.com/industry/indl-goods/svs/construction/greenfield-construction-costs-marginally-rise-by-2-4-in-cy-2024/articleshow/118837926.cms
2025-05-10 01:37:14,rising construction costs,Glints of construction sector optimism amid curse of hidden building costs,https://www.apimagazine.com.au/news/article/glints-of-construction-sector-optimism-amid-curse-of-hidden-building-costs
2025-05-10 01:37:14,rising construction costs,CBRE Report Highlights 2-4% Annual Increase In Greenfield Construction Costs,https://www.ndtvprofit.com/business/cbre-report-highlights-2-4-annual-increase-in-greenfield-construction-costs
2025-05-10 01:37:14,rising construction costs,"UAE property developers face rising costs as new launches, labour crunch strain supply chains",https://www.arabianbusiness.com/industries/construction/uae-proeprty-developers-face-rising-costs-as-new-launches-labour-crunch-strain-supply-chains
2025-05-10 01:37:14,rising construction costs,Construction Costs Rise 2-4% in 2024: CBRE,https://money.rediff.com/news/market/construction-costs-rise-2-4-in-2024-cbre/23267820250310
2025-05-10 01:37:14,rising construction costs,Construction costs saw moderate rise in 2024,https://www.deccanchronicle.com/business/in-other-news/construction-costs-saw-moderate-rise-in-2024-1866049
2025-05-10 01:37:14,rising construction costs,Canada’s countervailing tariffs will increase construction costs: Canadian Homebuilders’ Association,https://farmersforum.com/canadas-countervailing-tariffs-will-increase-construction-costs-canadian-homebuilders-association/
2025-05-10 01:37:14,rising construction costs,Tariffs could raise prices for new homes—see how much more it could cost buyers,https://www.cnbc.com/2025/03/05/how-tariffs-could-affect-home-prices.html
2025-05-10 01:37:14,rising construction costs,Steps ‘taken to address rising construction costs’,https://www.gdnonline.com/Details/1346697/Steps-%E2%80%98taken-to-address-rising-construction-costs%E2%80%99-
2025-05-10 01:37:14,rising construction costs,Australian housing construction costs are too high,https://www.macrobusiness.com.au/2025/03/australian-housing-construction-costs-are-too-high/
2025-05-10 01:37:14,rising construction costs,Rising construction levels another sign of New Zealand's improving economy | NZ Adviser,https://www.mpamag.com/nz/news/general/rising-construction-levels-another-sign-of-new-zealands-improving-economy/527206
2025-05-10 01:37:14,rising construction costs,Sweeping tariffs could increase new home costs by $10k,https://www.realestatenews.com/2025/03/04/sweeping-tariffs-could-increase-new-home-costs-by-usd10k
2025-05-10 01:37:14,rising construction costs,Washington home construction costs exceed national averages,https://mynorthwest.com/local/washington-home-construction-costs/4056544
2025-05-10 01:37:14,rising construction costs,MPs to discuss government steps to tackle rising construction costs and quarry closure,https://www.newsofbahrain.com/bahrain/109388.html
2025-05-10 01:37:14,rising construction costs,KAS: Construction costs are rising in Kosovo,https://kossev.info/en/kas-rastu-troskovi-izgradnje-na-kosovu-kosovo-online-najnovije-vesti/
2025-05-10 01:37:14,rising construction costs,Debate sought on ‘rising construction costs’,https://www.gdnonline.com/Details/1346287/Debate-sought-on-%E2%80%98rising-construction-costs%E2%80%99
2025-05-10 01:37:14,rising construction costs,ASK: The cost of construction increases,https://kosovapress.com/en/construction-costs-increase
2025-05-10 01:37:14,rising construction costs,Children's Museum of Rock County facing rising construction costs,https://spectrumnews1.com/wi/madison/news/2025/02/25/children-s-museum-of-rock-county-facing-rising-construction-costs
2025-05-10 01:37:14,rising construction costs,"B.C. construction industry warns U.S. tariffs would increase cost of housing, renovations",https://www.ctvnews.ca/vancouver/article/bc-construction-industry-warns-us-tariffs-would-increase-cost-of-housing-renovations/
2025-05-10 01:37:14,rising construction costs,Massachusetts school construction projects are growing more expensive.,https://www.bostonglobe.com/2025/02/26/metro/massachusetts-school-construction-projects-cost/
2025-05-10 01:37:14,rising construction costs,Home builders say rising construction costs are driving up home prices,https://www.youtube.com/watch?v=cOxPvL1Czz8
2025-05-10 01:37:14,rising construction costs,Dubai’s Property Market Faces Stabilisation Amid Rising Construction Costs,http://www.msn.com/en-ae/news/other/dubai-s-property-market-faces-stabilisation-amid-rising-construction-costs/ar-AA1zEF6B?apiversion=v2&noservercache=1&domshim=1&renderwebcomponents=1&wcseo=1&batchservertelemetry=1&noservertelemetry=1
2025-05-10 01:37:14,rising construction costs,Why are homes so expensive? Home builders say rising construction costs are driving up home prices,https://www.koaa.com/news/covering-colorado/why-are-homes-so-expensive-home-builders-say-rising-construction-costs-are-driving-up-home-prices
2025-05-10 01:37:14,rising construction costs,Construction costs rise for Long Beach,https://www.worldcargonews.com/ports-terminals/2025/02/construction-costs-rise-for-long-beach/
2025-05-10 01:37:14,rising construction costs,Homebuilders are feeling pessimistic about future sales,https://www.marketplace.org/story/2025/02/20/homebuilders-home-sales-tariffs-materials-labor
2025-05-10 01:37:14,rising construction costs,Rising construction costs hit property market,https://www.theaustralian.com.au/business/property/charter-hall-upgrades-as-property-cycle-turns-around/news-story/6e1568a736be4bd28ec54781ef3b91ee
2025-05-10 01:37:14,rising construction costs,"Kuwait’s construction sector faces declining projects, rising costs, and labour shortages",https://gulfnews.com/business/property/kuwaits-construction-sector-faces-declining-projects-rising-costs-and-labour-shortages-1.500038974
2025-05-10 01:37:14,rising construction costs,A new Midtown OKC HQ for Palomar faces budget issues. Here's how MAPS 4 will tackle it.,https://www.oklahoman.com/story/news/local/oklahoma-city/2025/02/16/creative-funding-final-plans-for-new-okc-palomar-maps-4-family-justice-center-approved/78462522007/
2025-05-10 01:37:14,rising construction costs,Home Builders Say Trump Tariffs Are Raising Construction Costs,https://www.nytimes.com/2025/02/15/realestate/trump-tariffs-home-builders-construction.html
2025-05-10 01:37:14,rising construction costs,Building Costs Increase in the Fourth Quarter of 2024,https://www.turnerconstruction.com/insights/building-costs-increase-in-the-fourth-quarter-of-2024
2025-05-10 01:37:14,rising construction costs,Important Terms for Price Escalation Clauses to Mitigate the Inflationary Effect of Tariffs on Construction Materials,https://natlawreview.com/article/important-terms-price-escalation-clauses-mitigate-inflationary-effect-tariffs
2025-05-10 01:37:14,rising construction costs,Construction cost in HK could rise by up to 1%,https://hongkongbusiness.hk/building-engineering/news/construction-cost-in-hk-could-rise-1
2025-05-10 01:37:14,rising construction costs,Thai Property Market Under Pressure With Rising Land & Construction Costs,https://www.rprealtyplus.com/international/thai-property-market-under-pressure-with-rising-land-construction-costs-118736.html
2025-05-10 01:37:14,rising construction costs,"Q4 construction costs rise, but slower than in Q3",https://www.link2build.ca/news/articles/2025/february/q4-construction-costs-rise-but-slower-than-in-q3/
2025-05-10 01:37:14,rising construction costs,Thai property market under pressure from rising prices,https://www.nationthailand.com/business/property/40046048
2025-05-10 01:37:14,rising construction costs,"Lumber, construction material prices could rise due to tariffs",https://www.foxbusiness.com/economy/lumber-construction-material-prices-could-rise-due-tariffs
2025-05-10 01:37:14,rising construction costs,Rising construction costs delay outfall project,https://www.mycowichanvalleynow.com/88466/uncategorized/rising-construction-costs-delay-outfall-project/
2025-05-10 01:37:14,rising construction costs,Long-struggling affordable housing segment sees ray of hope after RBI cuts key policy rate,https://www.moneycontrol.com/news/business/real-estate/long-struggling-affordable-housing-segment-sees-ray-of-hope-after-rbi-cuts-key-policy-rate-12933321.html
2025-05-10 01:37:14,rising construction costs,Rising homebuilding costs in 2024: Will 2025 offer any relief?,https://www.brokernews.com.au/news/breaking-news/rising-homebuilding-costs-in-2024-will-2025-offer-any-relief-286510.aspx
2025-05-10 01:37:14,rising construction costs,"UAE, Saudi construction costs set to rise in 2025, says report",https://www.tradearabia.com/touch/article/CONS/430692
2025-05-10 01:37:14,rising construction costs,Geostat: Georgia’s construction costs rise by 2.7% in December,https://georgiatoday.ge/geostat-georgias-construction-costs-rise-by-2-7-in-december/
2025-05-10 01:37:14,rising construction costs,"UAE, Saudi construction costs set to increase in 2025, says report",https://www.zawya.com/en/projects/construction/uae-saudi-construction-costs-set-to-increase-in-2025-says-report-aiupvpbj
2025-05-10 01:37:14,rising construction costs,"Construction costs set to rise in UAE, Saudi Arabia in 2025 amid supply disruption fears",https://www.zawya.com/en/projects/construction/construction-costs-set-to-rise-in-uae-saudi-arabia-in-2025-amid-supply-disruption-fears-xs6jalka
2025-05-10 01:37:14,rising construction costs,The 3 factors driving global construction costs increase of 2-7% in 2025,https://www.constructionbriefing.com/news/the-3-factors-driving-global-construction-costs-increase-of-2-7-in-2025/8050473.article
2025-05-10 01:37:14,rising construction costs,"Trump Tariffs Risk $29,000 Rise in US Home Building Costs",https://www.bnnbloomberg.ca/business/real-estate/2025/02/04/trump-tariffs-risk-29000-rise-in-us-home-construction-costs/
2025-05-10 01:37:14,rising construction costs,U.S. Hotel Construction Hits Two-Year Low Amid Rising Costs and High Interest Rates,https://www.hospitalitynet.org/opinion/4125675.html
2025-05-10 01:37:14,rising construction costs,Will Trump's tariffs increase construction costs for Americans?,https://www.youtube.com/watch?v=iNb2kPM37kE
2025-05-10 01:37:14,rising construction costs,New tariffs could raise home prices and sideline potential buyers,https://www.cnbc.com/2025/02/03/trump-tariffs-news-construction-and-home-costs-could-rise.html
2025-05-10 01:37:14,rising construction costs,The cost breakdown for constructing a single-family home in 2024,https://www.resiclubanalytics.com/p/the-cost-breakdown-for-constructing-a-single-family-home-in-2024
2025-05-10 01:37:14,rising construction costs,Modest rise in construction costs over the year in Latvia / Article,https://eng.lsm.lv/article/economy/economy/28.01.2025-modest-rise-in-construction-costs-over-the-year-in-latvia.a585485/
2025-05-10 01:37:14,rising construction costs,Smiley has proposal to help ‘Superman Building’ overhaul get past money pinch,https://pbn.com/smileys-has-proposal-to-help-superman-building-overhaul-continue-past-money-pinch/
2025-05-10 01:37:14,rising construction costs,Cost of Construction Survey Shows a Rise in New-Home Construction Costs,https://www.probuilder.com/business-management/market-data-trends/article/55263020/construction-costs-for-new-homes-are-on-the-rise
2025-05-10 01:37:14,rising construction costs,Rising Construction Costs May Leave You UnderInsured,https://www.bankrate.com/insurance/rising-construction-costs-leaving-you-uninsured/
2025-05-10 01:37:14,rising construction costs,Singapore construction costs to rise by 5-6% in FY 2026: JLL,https://sbr.com.sg/building-engineering/news/singapore-construction-costs-rise-5-6-in-fy-2026-jll
2025-05-10 01:37:14,rising construction costs,Building construction costs at their highest since 2023,https://www.smartpropertyinvestment.com.au/investor-strategy/26348-building-construction-costs-at-their-highest-since-2023
2025-05-10 01:37:14,rising construction costs,"Construction costs surge, highest increase since 2023",https://www.mortgagebusiness.com.au/property/19861-construction-costs-surge-highest-increase-since-2023?ref=constructor.net.au
2025-05-10 01:37:14,rising construction costs,Annual change in construction costs picks up pace,https://www.corelogic.com.au/news-research/news/2025/annual-change-in-construction-costs-picks-up-pace
2025-05-10 01:37:14,rising construction costs,"Construction costs on the rise, but stabilizing, says Rider Levett Bucknall",https://www.on-sitemag.com/construction/construction-costs-on-the-rise-but-stabilizing-says-rider-levett-bucknall/1003984248/
2025-05-10 01:37:14,rising construction costs,Five-year BCIS infrastructure forecast predicts rising costs,https://www.pbctoday.co.uk/news/planning-construction-news/five-year-bcis-infrastructure-forecast-predicts-rising-costs/147457/
2025-05-10 01:37:14,rising construction costs,Protected bike lanes on University Avenue face setback amid rising construction costs,https://www.youtube.com/watch?v=KHhfWrE-uMo
2025-05-10 01:37:14,rising construction costs,BCIS forecasts 17% building costs increase over next five years,https://constructionmanagement.co.uk/bcis-forecasts-17-building-costs-increase-over-next-five-years/
2025-05-10 01:37:14,rising construction costs,Taylor Wimpey cautions over rising construction costs amid ‘uncertain’ market,https://www.independent.co.uk/news/business/taylor-wimpey-cautions-over-rising-construction-costs-amid-uncertain-market-b2680671.html
2025-05-10 01:37:14,rising construction costs,BCIS forecasts building cost increase,https://constructionwave.co.uk/2025/01/16/bcis-forecasts-building-cost-increase/
2025-05-10 01:37:14,rising construction costs,Construction costs set to rise as concrete companies hike prices,https://in-cyprus.philenews.com/insider/construction-costs-set-to-rise-as-concrete-companies-hike-prices/
2025-05-10 01:37:14,rising construction costs,What's Driving Construction Cost Increases - Commercial Property Executive,https://www.commercialsearch.com/news/what-drives-construction-cost-increases/
2025-05-10 01:37:14,rising construction costs,Housing ‘Worries’: Rising Construction Costs Alarm Bahrain’s Real Estate Sector,https://www.newsofbahrain.com/bahrain/107190.html
2025-05-10 01:37:14,rising construction costs,Dutch housing construction to pick up again in 2025,https://think.ing.com/articles/dutch-housing-construction-to-pick-up-again-in-2025/
2025-05-10 01:37:14,rising construction costs,Australian property developers swallowed by rising costs,https://www.macrobusiness.com.au/2025/01/australian-property-developers-swallowed-by-rising-costs/
2025-05-10 01:37:14,rising construction costs,Large Cincinnati projects expected to put 'major pressure' on construction prices in 2025,https://www.bizjournals.com/cincinnati/news/2025/01/02/construction-costs-materials-labor-skanska-turner.html
2025-05-10 01:37:14,rising construction costs,Rising construction costs delay new Santa Fe County Magistrate Court,https://www.santafenewmexican.com/news/local_news/rising-construction-costs-delay-new-santa-fe-county-magistrate-court/article_0cfd8b6a-c0ad-11ef-bde8-c7508f1c1672.html
2025-05-10 01:37:14,rising construction costs,"Downtown Access road project shelved due to community impact, financial concerns",https://www.reviewjournal.com/news/news-columns/road-warrior/downtown-access-road-project-shelved-due-to-community-impact-financial-concerns-3248435/
2025-05-10 01:37:14,rising construction costs,Construction costs see modest annual rise – QV CostBuilder,https://www.mpamag.com/nz/news/general/construction-costs-see-modest-annual-rise-qv-costbuilder/517921
2025-05-10 01:37:14,rising construction costs,Construction costs increase at their slowest annual rate since 2015,https://www.chrislynchmedia.com/news-items/construction-costs-increase-at-their-slowest-annual-rate-since-2015/
2025-05-10 01:37:14,rising construction costs,Delay to develop Amaravati caused 45 per cent rise in construction cost: Minister P Narayana,https://www.newindianexpress.com/states/andhra-pradesh/2024/Dec/11/delay-to-develop-amaravati-caused-45-per-cent-rise-in-construction-cost-minister-p-narayana
2025-05-10 01:37:14,rising construction costs,Rising M&E costs push workload growth to three-year low,https://www.constructionnews.co.uk/supply-chain/rising-me-costs-push-workload-growth-to-three-year-low-11-12-2024/
2025-05-10 01:37:14,rising construction costs,Construction inflation set to return raising tender prices,https://www.constructionenquirer.com/2024/12/11/construction-inflation-set-to-return-raising-tender-prices/
2025-05-10 01:37:14,rising construction costs,NI rise expected to push construction costs up by 1 per cent,https://www.constructionnews.co.uk/government/ni-rise-expected-to-push-construction-costs-up-by-1-per-cent-09-12-2024/
2025-05-10 01:37:14,rising construction costs,BCIS: Reports rise in construction input costs in Scotland,https://www.scottishconstructionnow.com/articles/bcis-reports-rise-in-construction-input-costs-in-scotland
2025-05-10 01:37:14,rising construction costs,Building Costs Increase in the Third Quarter of 2024,https://www.turnerconstruction.com/insights/building-costs-increase-in-the-third-quarter-of-2024
2025-05-10 01:37:14,rising construction costs,Rising construction costs sees Oak Tree cease Greenock development,https://www.scottishhousingnews.com/articles/rising-construction-costs-sees-oak-tree-cease-greenock-development
2025-05-10 01:37:14,rising construction costs,"Chennai, Kolkata report maximum rise in construction cost for warehousing and manufacturing since H1 2020",https://www.moneycontrol.com/news/business/real-estate/chennai-kolkata-report-maximum-rise-in-construction-cost-for-warehousing-and-manufacturing-since-h1-2020-12882816.html
2025-05-10 01:37:14,rising construction costs,"Rising LNG terminal costs to make new US projects less competitive, says analyst",https://www.reuters.com/business/energy/rising-lng-terminal-costs-make-new-us-projects-less-competitive-says-analyst-2024-12-03/
2025-05-10 01:37:14,rising construction costs,Rising Construction Costs in Industrial and Logistics Sector,https://www.constructionweekonline.in/warehouse/indias-industrial-logistics-construction-set-to-exceed-60-mn-sq-ft-annually-savills-india-report
2025-05-10 01:37:14,rising construction costs,Tax on finishing materials to increase construction costs,https://www.businessdailyafrica.com/bd/economy/tax-on-finishing-materials-to-increase-construction-costs-4842660
2025-05-10 01:37:14,rising construction costs,Rising construction costs add pressure to Canada's insurance industry,https://www.insurancebusinessmag.com/ca/news/breaking-news/rising-construction-costs-add-pressure-to-canadas-insurance-industry-516007.aspx
2025-05-10 01:37:14,rising construction costs,"Construction cost jumps 11% in 2024, fueled by rising labour expenses",https://propnewstime.com/getdetailsStories/MTI0Mjc=/construction-cost-jumps-11%25-in-2024-fueled-by-rising-labour-expenses
2025-05-10 01:37:14,rising construction costs,"Cost of building a home in Australia jumps $100,000 in four years",https://www.smh.com.au/national/cost-of-building-a-home-in-australia-jumps-100-000-in-four-years-20241122-p5ksrk.html
2025-05-10 01:37:14,rising construction costs,"Average construction cost for housing projects up 39% in 4 years on rising rates of building materials, la",https://m.economictimes.com/industry/services/property-/-cstruction/average-construction-cost-for-housing-projects-up-39-in-4-years-on-rising-rates-of-building-materials-labour-colliers/articleshow/115591660.cms
2025-05-10 01:37:14,rising construction costs,Australia's home-building headache: Why it's taking longer and costing more,https://www.sbs.com.au/news/article/australias-home-building-headache-why-its-taking-longer-and-costing-more/bo607urut
2025-05-10 01:37:14,rising construction costs,Average construction cost for housing projects up 39% in 4 years on rising rates of building materials and,https://m.economictimes.com/news/india/average-construction-cost-for-housing-projects-up-39-in-4-years-on-rising-rates-of-building-materials-and-labor-colliers/articleshow/115591778.cms
2025-05-10 01:37:14,rising construction costs,"Average construction cost for housing projects up 39% in 4 years on rising rates of building materials, labour: Colliers",https://upstox.com/news/business-news/latest-updates/average-construction-cost-for-housing-projects-up-39-in-4-years-on-rising-rates-of-building-materials-labour-colliers/article-130374/
2025-05-10 01:37:14,rising construction costs,Cost of construction rises up to 11% annually in 2024 across real estate segments: Colliers,https://realty.economictimes.indiatimes.com/news/infrastructure/cost-of-construction-rises-up-to-11-annually-in-2024-across-real-estate-segments-colliers/115414044
2025-05-10 01:37:14,rising construction costs,S’pore water price to rise by 50 cents per cubic m by 2025; lower- and middle-income families to get help,https://www.straitstimes.com/singapore/s-pore-water-price-to-rise-by-50-cents-per-cubic-m-by-2025-lower-middle-income-families-to-get-help
